publisher,count
eastasiasoft,253
RATALAIKA GAMES SL,230
OCEAN MEDIA LLC,133
ThiGames,125
SMOBILE INC,106
EVGENIY KOLPAKOV,77
NOSTRA GAMES LTD,75
Zakym s. r. o.,73
KEMCO,65
Gametry sp. z o. o.,65
Afil Games,64
JANDUSOFT S.L.,62
Sony Interactive Entertainment Europe,57
NACON SA,56
BANDAI NAMCO ENTERTAINMENT EUROPE,56
Microids,48
Gamuzumi,47
MARKT+TECHNIK VERLAG GMBH,41
Armin Unold,40
Dolores Entertainment S.L.,38
"SUPER POWERUP GAMES, SOCIEDAD LIMITADA",38
Sony Interactive Entertainment,34
OUTRIGHT GAMES LLC,34
SILESIA GAMES SP. Z O.O.,33
Square Enix LTD,32
NIS America,31
PQube Ltd,30
PLAYSTIGE INTERACTIVE INFORMATION AND TRADE LIMITED LIABILITY COMPANY,30
SEGA EUROPE LTD,29
Team 17 Digital LTD,28
CGI LAB SRL,28
EA Swiss Sarl,28
TINYBUILD LLC,27
Webnetic s. r. o.,26
Feardemic,25
Benoit Varasse trading as Pix Arts,25
Devolver Digital,25
Plug In Digital,25
GAMEMILL ENTERTAINMENT,24
ESDigital Games LTD,24
ANNAPURNA INTERACTIVE,24
PERPETUAL,23
Atari Inc.,23
RED ART GAMES,23
AUTO SLAVIC d.o.o.,22
HAPPY PLAYER PTE. LTD.,21
"TOP HAT STUDIOS, INC.",21
PLAYWAY S.A,20
THQ NORDIC GMBH,20
UBISOFT ENTERTAINMENT SA,20
Penguin Pop Games LLC,20
ARTIFEX MUNDI S.A.,20
Focus Entertainment,20
Maximum Entertainment,19
JOINDOTS GMBH,19
ATARI EUROPE S.A.S.U.,19
QUBYTE INTERACTIVE,19
y-zo studio,18
505 GAMES S.R.L.,18
PLAYISM,18
Serenity Forge,18
DAEDALIC ENTERTAINMENT,17
AEROSOFT GMBH,17
THUNDERFUL PUBLISHING,17
MILESTONE SRL,17
GGMUKS INC.,17
SOEDESCO PUBLISHING,17
2K,17
PM Studios,17
Volkov Konstantin Sergeevich,17
Xeneder Team,16
GAMERA NEST SL,16
Silver Lining Interactive LTD,16
Wales Interactive Limited,16
ULTIMATE GAMES,16
Deep Silver,15
Entity3 Limited,15
CE EUROPE LIMITED,15
KLABATER,15
HEADUP GAMES,15
Aristo Studio s.r.o.,14
WAYFORWARD TECHNOLOGIES,14
Revolt Games SRL,14
DANIEL WENGENROTH,14
Humble Games,14
Konami,13
AKUPARA GAMES,13
Dear Villagers,13
Koei Tecmo Europe Ltd,12
EpiXR Games UG,12
"Legacy Interactive, Inc.",12
Bethesda,12
FOREVER ENTERTAINMENT S. A.,12
RAW FURY,12
Revulo Games sp. z o. o.,12
Crazysoft Limited,11
ININ,11
FRONTIER DEVELOPMENTS PLC,11
HANDY GAMES GMBH,11
Two Llamas s.r.o.,11
Untold Tales S.A.,11
2Awesome Studio  SL,11
Puppet Combo,11
Take IT Studio! Sp. z o.o.,11
HAMSTER CORPORATION,11
CHORUS WORLDWIDE GAMES,11
APPWILL COMPANY LTD,10
"Whitethorn Games, Inc.",10
SOURCE BYTE SPÓŁKA Z OGRANICZONĄ ODPOWIEDZIALNOŚCIĄ,10
WIRED PRODUCTIONS LIMITED,10
VRKiwi,10
KALYPSO MEDIA,10
Marvelous Europe Limited,10
4 GLADIATORS,10
Zazenfly Development DOO,10
Just for Games SAS,10
Microsoft Corporation,10
Dead Drop Studios LLC,10
Acyntha,10
TreeFall Studios L.L.C.,10
VERTIGO GAMES,10
BLOWFISH STUDIOS PTY LTD,10
PLAYSTACK LIMITED,9
KODOBUR YAZILIM BILISIM TASARIM ARG,9
Samustai LTD,9
"Limited Run Games, Inc.",9
Kepler Interactive Limited,9
SURPRISE ATTACK,9
Prime Matter,9
Reef Entertainment,9
Disney Interactive,9
PARADOX INTERACTIVE AB,9
"Ziggurat Interactive, Inc.",9
Activision Blizzard Int'l BV,9
Klovako s. r. o.,9
ASTRAGON ENTERTAINMENT GMBH,8
Curve Digital,8
e-llusiontertainment,8
D3PUBLISHER,8
"INTI CREATES CO., LTD.",8
WARNER BROS. INTERACTIVE,8
10Tons Ltd.,8
"JACKBOX GAMES, INC.",8
"MARCER GAMES, SL",8
ASPYR MEDIA,8
Kistler Studios,8
Lightwood Games,7
AMATA K.K.,7
Baltoro Games Sp.z o.o.,7
Kanuni games oyun YAZILIM VE Pazarlama Ticaret limited Sirketi,7
Moesoft Limited,7
11 Bit Studios S.A.,7
Disney Interactive Studios,7
DIGERATI DISTRIBUTION,7
Cascadia Games LLC,7
Ravenscourt,7
WEAKFISH STUDIO PUBLISHING,7
Oiven Games,7
CATNESS GAME STUDIOS SL,7
DANGEN ENTERTAINMENT,7
SilenGames,7
TERNOX,7
Toplitz Productions,7
MINDSCAPE BV,7
ASSEMBLE ENTERTAINMENT GMBH,7
FANTASTICO STUDIO SRL,6
Secret Mode Limited,6
BLITWORKS SL,6
Fabrizio Ballante trading as Colosseum Studio,6
Christian Marcell de Oliveira trading as chroda,6
Clockwork Origins,6
"Rogue Games, Inc.",6
Bigben Interactive,6
Clear River Games AB,6
Entalto Games SL,6
ELANTRI games,6
indie.io,6
Fireshine Games,6
DOTEMU,6
Phoenix Reborn Games,6
GOGAME CONSOLE PUBLISHER LTD,6
NUMSKULL GAMES LTD,6
Astrolabe Games,6
"SELECTAVISION, S.L.U.",6
Colossus Game Studio LTDA.,5
Cudit Savunma Inovasyon Teknoloji Arastirma ve Gelistirme Ticaret Limited Sirketi,5
ARMOR GAMES INC,5
Surprised Hotdog Limited,5
TRIPWIRE INTERACTIVE,5
LAST CHANCE MEDIA,5
COATSINK SOFTWARE LTD,5
FABRICE BRETON,5
Kimulator's Films inc.,5
GameToTop Corporation LTD,5
NAİSU OYUN YAZILIM SANAYİ TİCARET LİMİTED ŞİRKETİ,5
CI Games S.A. t/a United Label,5
KONAMI DIGITAL ENTERTAINMENT,5
ERDEM SEN,5
Firestoke Group Limited,5
ONSKULL DEVELOPMENT,5
"Private Division, LLC",5
ARTAX GAMES SL,5
COFFEE STAIN PUBLISHING AB,5
Interactive Dreams Limited,5
TMG STUDIOS B.V.,5
"CFK Co., Ltd.",4
SANUK GAMES SARL,4
Brainium Games LLC,4
Dovetail Games,4
"TESEO Y EL MINOTAURO, S.L.U.",4
PLAYTONIC LTD,4
Age Zero S.R.L.,4
Arc Games,4
Fast Travel Games AB,4
Brinemedia,4
Flux Game Studio,4
Aeternum Game Studios S.L,4
Blue Brain Games s.r.o.,4
ROGUESIDE,4
SOFT SOURCE PTE LTD,4
"STEEL WOOL GAMES, LLC",4
"NiuGamer Co., Ltd.",4
NO MORE ROBOTS,4
Meridiem Games S.L,4
"SURVIOS, INC",4
MAZE THEORY LTD,4
MAX ENT GAMES LIMITED,4
Dmitrii Milovidov trading as OverGamez,4
ASIMCORPORATION S.R.L.,4
RESOLUTION GAMES,4
Arc System Works Co,4
Destructive Creations Sp z.o.o,4
Tunermaxx Media GmbH,4
Domynyo S.r.l.,4
MY.GAMES HOLDINGS LTD,4
"Mob Entertainment, Inc.",4
Purple Play LLC,4
CRYSTAL DYNAMICS,4
BUL GAMES - TM EOOD,4
Riot Forge,4
ODDERS LAB,4
Firenut Consulting S.L.,4
"Strange Games Studios, Inc.",4
Wild River Games,4
LILLYMO GAMES INC.,4
Crunching Koalas Sp. z o.o. Sp. K.,4
Gray Mantis,4
"SKYDANCE INTERACTIVE, LLC",4
COMMANDO PANDA  SP. Z O.O.,4
BLOOBER TEAM S.A.,4
Ravenage Games LLC,4
BRAIN SEAL LTD,3
ASI GAMES TECHNOLOGIES LTD,3
IllFonic Inc.,3
ustwo games limited,3
Draknek Limited,3
BBG Entertainment GmbH,3
Gaming Factory S.A.,3
From Software,3
Z-SOFTWARE GMBH,3
"IZANAGIGAMES, Inc.",3
"Saber Interactive, Inc",3
Twin Sails Interactive,3
Andrei Andreevich Kharitonov trading as Axyos Games,3
GEARBOX,3
Croissant Games SAS,3
"PARTY SPA RENTALS, INC. DBA PSR OUTDOORS",3
Guarida Games Studio SL,3
Grimorio of Games S.L.,3
BeXide,3
CyberConnect2,3
Indie Remix Studios LLC,3
Yogscast Games Limited,3
SNEG Ltd,3
Warlock Arts,3
Dojo System S.L.,3
Art Games Studio S.A.,3
Q-GAMES,3
ACQUIRE CORP.,3
SIA Hyper Reality,3
GSC Game World Global LTD,3
EPIC GAMES,3
Good Shepherd Entertainment,3
Two Cakes Studio OÜ,3
YASH FUTURE TECH SOLUTIONS PVT LTD,3
Monster Games Inc.,3
Mad Hook LLC,3
ENHANCE GAMES,3
NATSUME INC.,3
ARCADE DISTILLERY,3
We Dig Games sp. z o.o.,3
Rockstar Games,3
Bliss Brain Corporation,3
GLOWSTICK GAMES,3
Super Rare Games Limited,3
"Dreamhaven, Inc.",3
"OWLCHEMY LABS, INC.",3
OOO VALNAT,3
Set Sail Games LLC,3
FURYU CORP.,3
FROGWARES IRELAND LTD,3
DreadXP,3
MILKSTONE STUDIOS SL,3
Hyperstrange Sp. z o.o.,3
Vertigo Gaming,3
Kasedo Games Ltd,3
Nextgo24 UG,3
CHUBBY PIXEL,3
PdPartid@games,3
FUNBOX MEDIA LIMITED,3
"SPIKE CHUNSOFT, INC.",3
Fun Train Inc.,3
Gameloft SE,3
Xitilon,3
Ohhio s.r.o.,3
My World srls,3
nDreams,3
GRIMTALIN SRL,3
Frozen Way S.A.,3
Nicalis Inc.,3
Cube Games,3
404 GAMES LTD,3
Badri Bebua,3
Aksys Games Localization Inc.,3
BlackMill Games B.V.,3
REBELLION INTERACTIVE,3
ForeVR Games Inc.,3
Gaijin Distribution KFT,3
Gaming Limited,3
Kwalee Ltd,3
SKYBOUND INTERACTIVE LLC,3
FMV Interactive Studio LLC,3
Panic,3
JOEY DREW STUDIOS INC,3
Oddworld Inhabitants. Inc,3
Farsight Technologies,2
South East Games Pty Ltd,2
STARBREEZE PUBLISHING AB,2
"STARSIGN, INC.",2
WARANÍ STUDIOS,2
Running With Scissors Studios LLC,2
ROBOT GAMES,2
Scout Game Studios Sociedad Anonima,2
CLOUDED LEOPARD ENTERTAINMENT INC.,2
Phoenixx Inc.,2
WILD SPHERE S.L.,2
"StatusPro, Inc",2
Aix2 Games Oyun Yazilim ve Teknoloji Ticaret Limited Sirketi,2
VR Factory Games S.A.,2
Gumbo Machine,2
MONSTER COUCH SP. Z O.O.,2
SLOCLAP S.A.S,2
LANDFALL,2
WANADEV EURL,2
"INTENSE Co.,ltd.",2
IORDER SRL,2
Hooded Horse Inc.,2
PRODIGY DESIGN LIMITED,2
"""Contrast Games"" Limited Liability Partnership",2
"RideonJapan, Inc",2
ImaginationOverflow,2
Jozef Debecki,2
TeamKill Media LLC,2
"CYAN WORLDS, INC",2
SECRET ITEM GAMES UG,2
GIANTS SOFTWARE GMBH,2
BEDTIME DIGITAL GAMES,2
ABYLIGHT,2
LEVEL5 Inc.,2
"FirstBlood Technologies, Inc.",2
"GRAVITY CO., LTD.",2
SCREENWAVE MEDIA,2
TINY SHINY THINGS LLC,2
Skystone Games Inc. ,2
Rainy Frog Co. Ltd,2
WALFRIDO ABEJON T/A RAINY NIGHT CREATIONS,2
REMEDY ENTERTAINMENT LTD.,2
Stamina Zero LLC,2
INCISIV Ltd,2
Dark Point Games S.A.,2
Hound Picked Ltd,2
Serafini Productions GK,2
MAD JACKAL GAMES LTD,2
Skill Prepare LLC,2
Cypress Inheritance LLC,2
BLUE ISLE STUDIOS INC.,2
LEGO System A/S,2
NeocoreGames Distribution s.r.o.,2
Amazon Games,2
Mameshiba Games SL,2
"CHIBIG, S.L.U.",2
Nordcurrent GmbH,2
DRAGEUS GAMES S.A.,2
7LEVELS S.A.,2
Shueisha Games Inc.,2
Alliance Arts Inc.,2
Innersloth LLC,2
Aurora Punks Development Services AB,2
Ralitza Borisova Hristova trading as D-Lo Games,2
RIPSTONE LTD,2
CYBORN BVBA,2
"GEMDROPS, INC.",2
THE VOXEL AGENTS,2
Omegga Interactive LTDA,2
YACHT CLUB GAMES,2
CD PROJEKT,2
NETEASE INTERACTIVE ENTERTAINMENT PTE.LTD,2
BAD VICES GAMES SNC DI VECCHI ELEONORA E GAMBADORI CRISTIAN,2
VERTICAL ROBOT S.L.,2
"Capcom U.S.A., Inc.",2
BOHEMIA INTERACTIVE STUDIO,2
Bemo games,2
BIG WAY GAMES,2
Steel Arts Software Ltd,2
"Xiamen Emprom Information Co., Ltd.",2
Postmeta Games Limited,2
GAME SOURCE ENTERTAINMENT,2
Kakao Games Corp.,2
ROSEVERTE,2
NECO SOFTWARE,2
TREBUCHET STUDIO INC.,2
DECK13 INTERACTIVE,2
THE QUANTUM ASTROPHYSICISTS GUILD,2
DON'T NOD ENTERTAINMENT SARL,2
SOMETHING RANDOM SPÓŁKA AKCYJNA,2
Sunblink Entertainment LLC,2
NEXTGEN REALITY PTY LIMITED,2
MUTAN INC.,2
"CYGAMES, INC.",2
JoyWay LTD,2
Madruga Works Limited,2
QUANTIC DREAM SA,2
KOEI TECMO GAMES,2
NEXON,2
Viridian Software Limited,2
Cherry Pop Games Limited,2
Roflcopter Ink GmbH,2
All in! Games S.A.,2
Rebellion,2
3D REALMS ENTERTAINMENT,2
subSilico,2
"POLYARC, INC.",2
GREEN LAVA STUDIOS,2
FDG ENTERTAINMENT GMBH & CO KG,2
BEAUTIFUL GLITCH S.L,2
Big Fan,2
Piranha Games Inc.,2
Santa Ragione S.r.l.,2
Behaviour Interactive Inc.,2
XSEED GAMES,2
Funcom Oslo AS,2
Double Eleven Limited,2
SC OVILEX SOFT SRL,2
NAKED MONKEY (DBA VR MONKEY),2
"Impact Reality, INC.",2
Sony Pictures Virtual Reality (SPVR),2
Bushiroad Inc.,2
THE GAME BAKERS,2
CREATIVE VR 3D,2
Fulqrum Publishing Ltd.,2
"Alawar Entertainment, Inc.",2
UNREALITY S.L.,2
GAMEPLAY GROUP INTERNATIONAL INC,2
Tate Multimedia Sp. z o.o.,2
Nellyvision Ltd,2
Eidos Interactive Corp,2
Gabriele Libera trading as Jollypunch Games,2
SHIN EN MULTIMEDIA GMBH,2
"Plow Digital, LLC DBA Plow Games",2
NEON DOCTRINE,2
"KRAFTON, Inc.",2
NEOWIZ,2
Beyond Frames Entertainment AB (publ),2
EP Games,2
TRIBAND PRODUCTION,2
TECHLAND,2
Binary Haze Interactive,2
Funtech Publishing Ltd,2
"Thirdverse, Co., Ltd.",2
David Grof,2
Happy Broccoli Games UG,2
"TRUANT PIXEL, LLC",2
Stonebrick Studios GmbH,1
"502 Studios, SA",1
Critical Games,1
Valorware LTD,1
Serhii Komar,1
Duality S.A.,1
ALIENLINK LLC,1
orangutan matter,1
SCHELL GAMES,1
Stunlock Studios AB,1
VRAL GAMES INC.,1
Gamecraft Studios,1
Poncle Limited,1
Damian Boczek - Gawliczek,1
Nalua Studio SLU,1
ANIPLEX INC.,1
NIGHTHAWK INTERACTIVE LLC,1
Vagabond Interactive Inc.,1
WAVEOR GMBH,1
SadSquare Studio Inc.,1
Gamopolis GmbH,1
"Mighty Coconut, LLC",1
UniqueGames Publishing GmbH,1
ASTREA SAS,1
"ALDIN DYNAMICS, EHF.",1
Activision,1
Repixel8 Ltd,1
refint/games,1
Dreamlit Inc.,1
Corey Andrew Underdown trading as Sleepy Grove Games,1
Voeult SAS,1
FLASHBULB APS,1
"GungHo Online Entertainment,Inc.",1
Lowbirth Games Inc.,1
Pingle Studio Ltd,1
"Sandbar Studios, LLC",1
DROOL LLC,1
Ikimasho SAS,1
Autoexec Games Inc.,1
ARTE FRANCE SA,1
Andrey Paramonov,1
Fallen Planet Studios LTD,1
CE-ASIA HONG KONG LIMITED,1
OUTSIDEIN ENTERTAINMENT,1
Bigmode,1
"Thinkingstars(Beijing)Technology Development Co.,Ltd.",1
WILDCARD PROPERTIES,1
TIKIPOD PTY LTD,1
The Pixel Hunt SAS,1
Ant Workshop Ltd,1
ROBERTS & CO BUNSEN OUTLET LIMITED,1
IMGN.PRO,1
"GUN MEDIA HOLDINGS, INC",1
"BEBYTE PUBLISHER, SOCIEDAD LIMITADA",1
Alda Games s.r.o.,1
Stray Fawn GmbH,1
Coconut Island Games,1
10:10 Games Limited,1
"Megalithic Mainframe, L.L.C.",1
KINGNET TECHNOLOGY (HK) LIMITED,1
TEQUILA WORKS,1
Mythwright Limited,1
Broken Rules Interactive Media GmbH,1
PassionRepublic Games sdn. bhd.,1
RAIN AS,1
Tlon Industries LLC,1
Movie Games S.A.,1
DangerousBob Studio LLC,1
Buffalo Buffalo Labs Inc.,1
Worm Club Pty Ltd,1
RAZAR s.r.o.,1
POLYCRUNCH GAMES LIMITED,1
OutOfTheBit Ltd,1
DESTINYbit S.r.l.,1
Distractionware Limited,1
Disco Elysium UK Ltd t/a ZA/UM,1
Godbey Games LLC,1
"Adhoc Studio, Inc.",1
"REFRACT STUDIOS, LLC",1
SNAPBREAK GAMES AB,1
Abhinav Chokhavatia trading as Zatun,1
INVISIBLE WALLS,1
MISC GAMES,1
Mega Cat Studios,1
Tonic Games Australia Pty Ltd,1
Far From Home SA,1
ATOOI LLC,1
"WOZNIAK & CARPENDALE, LLC",1
"Blizzard Entertainment, Inc.",1
Sanuk Inc.,1
Creepy Jar S.A.,1
INCUVO S.A.,1
Derik Duda Figueredo,1
Ehimwenma Joseph Amadasun,1
Capybara Games Inc.,1
ALIEN TRAP GAMES,1
RABABA DESIGN ESTABLISHMENT,1
Spunge Games Pty,1
"Prophecy Games, Inc.",1
LUCIANO IURINO T/A TROGLOBYTES GAMES,1
KO_OP,1
Polyphony Digital Inc,1
Game Arts Co.,1
Invincible Cat Sarl,1
INTERACTIVE STONE,1
Thomas Young,1
Mirari & Co Pty. Ltd.,1
RED HOOK STUDIOS,1
Com2uS ROCA,1
INVADER STUDIOS S.R.L.,1
Jes Games,1
MOTION TWIN SARL,1
TML-Edition GmbH,1
Kinda Brave Entertainment Group AB,1
Lewis Moon,1
Mintrocket,1
"8-4, LTD",1
ZEBIK MEDIA INTERACTIVE Ltd.,1
ELECTRONIC ARTS,1
GRUMPY,1
PlaySys,1
GIIKU GAMES GMBH,1
WINKING SKYWALKER ENTERTAINMENT LIMITED,1
Paleo Games LLC,1
"Squanch Games, Inc.",1
TRIPLE-I GAMES,1
KAKEHASHI GAMES,1
Anvil Studios Limited,1
TEAM CHERRY,1
SUMALAB DIGITAL S.L.N.E.,1
Hipster Whale Pty Ltd,1
SFB Games Limited,1
7 RAVEN STUDIOS CO. LTD.,1
"Komodo Co., Ltd.",1
"SEKAI PROJECT, INC",1
2PT PTY LTD,1
PLiCy,1
PLAYSAURUS INC,1
Big Cheese Studio,1
Spoonful of Wonder Pty Ltd,1
Bare Games LLC,1
"White Door Games, SL",1
M2H,1
Shanghai Ying Lu Keji Youxian Gongsi,1
CARBON GAMES LIMITED,1
IO Interactive A/S,1
The Cult Games Ltd,1
SUPERGIANT GAMES,1
DX Gameworks LLC,1
Nyakuza Games,1
Blackbird Interactive Inc.,1
SLOW BROS. UG (HAFTUNGSBESCHRÄNKT),1
WARNER BROS INTERACTIVE ENTERTAINMENT,1
Xlab Digital llc,1
Serious Brothers UG (haftungsbeschraenkt),1
Snow Day Software LLC,1
"SPHERICAL PIXEL, S.L.",1
Path Games,1
CM Games OÜ,1
QH Studios,1
Superbrothers A/V INC,1
Descolada Holding B.V.,1
LLC RetroStyle Games,1
CYGNUS ENTERTAINMENT LLC,1
"Relic Entertainment, Inc.",1
Digital Cybercherries Ltd.,1
Strange Scaffold LLC,1
DREAMLOOP GAMES OY,1
Half Mermaid Productions,1
"Virtual Medicine, s. r. o.",1
CRYTEK,1
NECROSOFT GAMES LLC,1
"Chongqing Binghaixin Technology Co., Ltd.",1
Vimagineo SP z o.o.,1
THE FARM 51 GROUP SA,1
Minimol Games Desenvolvimento de Software LTDA,1
Two Star Games LLC,1
Beijing Jiao Dian Chuang Yi Digital Technology Co.Ltd.,1
HazeSoft LTD,1
Wild Kid Games,1
CASUAL BROTHERS LIMITED,1
Wolf & Wood Interactive Ltd.,1
Frozen District,1
Starlight Games Limited,1
Mi'pu'mi Games GmbH,1
One or Eight INC.,1
Ronin Wolf Corp,1
Plot Twist SA,1
Pontoco,1
Binman Games Limited,1
URBAN WOLF GAMES INC.,1
REVOLUTION SOFTWARE LTD,1
Super Evil Mega Corp.,1
Minimum Studio Corp.,1
Manekoware LLC,1
DETUNE Ltd.,1
Better Than Life B.V.,1
EMBER LAB,1
Pixel Heart SAS,1
"Fictions, Inc.",1
"Dragami Games, Ltd.",1
Cactus VR Studios,1
Avalanche Studios Group AB,1
PIXEL MANIACS,1
ROCKET VULTURE,1
Teravision Games,1
CARX,1
THINK TEN MEDIA GROUP LLC,1
Canari Games Inc.,1
Ladell Parks,1
Frozen Pixel d.o.o.,1
"GRINDSTONE, S.R.O.",1
ARCHIACT INTERACTIVE LTD,1
"Knowledge Dimension, S.L.",1
PlaySide Studios LTD,1
notdead LLC.,1
SMILEGATE ENTERTAINMENT INC.,1
PlayStation Studios,1
PLAYDEW (PRIVATE) LIMITED,1
"Joystick Ventures Publishing, LLC",1
"H2 INTERACTIVE CO., LTD.",1
Tall Story Games Ltd,1
COVEN SAS,1
SNK CORPORATION,1
Eggtart Inc,1
Holcomb Entertainment LLC,1
MANGO PROTOCOL SL,1
PLAY-EM Inc.,1
straka.studio s. r. o.,1
CI GAMES S.A.,1
TOWER FIVE,1
GLITCH STUDIO LTD,1
DON'T NOD ENTERTAINMENT,1
Triangle Factory,1
HYPETRAIN DIGITAL LTD,1
Seaven Studio SAS,1
YOUNG HORSES,1
PCF Group S.A.,1
(Subli)minal Gaming LLC,1
Dragon Flame Games LLC,1
RapidEyeMovers Ltd.,1
Buck Design LLC,1
Mykyta Filonenko trading as Marginalact Studios,1
SEGA CORPORATION,1
SOFTWARE TECHNOLOGIES SRL,1
"Double Dagger Studio, LLC",1
JEUX KITFOX INC.,1
"THEKLA INC.,",1
SIMPLICITY GAMES SP. Z O. O.,1
indienova,1
Cassius Adams,1
"Implicit Conversions, Inc.",1
"Forthright Entertainment, LLC",1
IO Interactive Partners A/S,1
MOJANG AB,1
Mojang AB,1
Xitol Limited,1
101XP LTD,1
Kruger & Flint Productions Sp. z o. o.,1
Paper Cult,1
Team Reptile B.V.,1
Khosouf Studio Middle East FZ LLC,1
Half Asleep Games Ltd.,1
"FLYHIGH WORKS CO., LTD.",1
Big Village Games Ltd,1
Pixel Magnet O E,1
TOAST VR,1
HERO CONCEPT,1
Lioncode Games Inc.,1
Omni Systems Publishing Ltd,1
PEARL ABYSS,1
Pixel Works Kft.,1
"Game Science Interactive Technology Co., Ltd.",1
Triternion,1
Darius Bode,1
Itzy Interactive Inc.,1
Double Jack SAS,1
Lasse Zacho Malver trading as Malvzach Games,1
WILLIAM CHYR STUDIO LLC,1
MARBLE IT UP LLC,1
Lonekite Ltd.,1
iRacing.com Motorsport Simulations LLC,1
Daidai Inc.,1
KOEI TECMO America,1
BEEP JAPAN INC.,1
Rablo Games SRL,1
BancyCo,1
Robin David Cocks trading as Spelkväll Games,1
Screaming Villains L.L.C.,1
Cold Beam Games Ltd,1
HYPERBOLIC MAGNETISM S.R.O.,1
Parallel Circles Ltd,1
GOBLINZ STUDIO SAS,1
BERSERKBOYGAMES LTD,1
Holy Cow Productions India Private Limited,1
IDEASPARK LABS INC. OA BEAMDOG,1
HIWARP SL,1
Saygames Ltd,1
Pretty Soon S.A.,1
Playground Productions LLC,1
NAPS TEAM,1
INTERPLAY ENTERTAINMENT,1
Larian Studios Games Ltd,1
"Stalwart Games, LLC",1
BUNGARRA SOFTWARE PTY LTD,1
HONG KONG SAKURA GAME LIMITED,1
"Scarlet String Studios, Inc.",1
Dr. Kucho! Games,1
Abrams Studios LLC,1
TALEWORLDS ENTERTAINMENT,1
D'AVEKKI STUDIOS LIMITED,1
Filmic Studios AB,1
Sarepta Studio AS,1
Source Next Generation Technology Limited,1
GIANT MARGARITA,1
GRINDING GEAR GAMES LIMITED,1
"Vankrupt Games, Inc.",1
Kinetic Games Limited,1
Snapshot Games Inc.,1
Vikram Kapoor,1
Cloudhead Games LTD,1
No Matter Studios LLC,1
ALDERON GAMES,1
Jacob Jansen Bredesen,1
Bent Vector Studios Inc,1
Pocketpair,1
PIXEL REEF,1
"BEIJING LITCHI CULTURE MEDIA CO., LTD.",1
Newfangled Games Ltd,1
TAKE-TWO INTERACTIVE SOFTWARE UK,1
CHECK MATE SPÓŁKA Z OGRANICZONĄ ODPOWIEDZIALNOŚCIĄ,1
CLEVER-PLAYS STUDIO,1
Woodhill Interactive AB,1
"ROCKET PANDA GAMES, INC.",1
Play Games LTD,1
Yim Taehyeong,1
MD GAMES SA,1
"RED CANDLE GAMES CO., LTD.",1
Hello Games LTD,1
9391-0248 Québec Inc.,1
Porcelain Fortress ehf.,1
DRINKBOX STUDIOS INC.,1
"Normal VR, LLC",1
Shoreline Games LLC,1
Netflix Inc.,1
Realities.io Inc,1
TOXIC GAMES LTD,1
Trapped Nerve Games,1
OXELIZ GAMES LTDA,1
JGABRIB LTDA,1
Joe Coders Information Technology Company,1
CharacterBank Inc.,1
Cmoar Studio,1
Ichigoichie AB,1
Amplified Games Ltd,1
"Pew Times Three, LLC",1
Five Mind Creations UG (haftungsbeschränkt),1
FUTURLAB LIMITED,1
Yummy Games SAS,1
KAIZEN GAME WORKS LIMITED,1
the binary family,1
"INTI CREATES Co., LTD.",1
Iron Stomach LLC,1
AlterEyes NV,1
Lucid Dreams Studio,1
GAIJIN GAMES,1
DEZVOLT APP & IDEI SRL,1
WONDERLAND KAZAKIRI INC.,1
"Single Step Games, LLC",1
ARVORE IMMERSIVE EXPERIENCES LLC,1
Tunnel Vision srl,1
Yakir Israel trading as Adventure4Life Studios,1
Will Winn Games Inc.,1
Indie Games Starter Sp. z o.o.,1
Reforged Studios Publishing (Malta) Limited,1
THOMAS HAPP GAMES,1
DESARROLLOS TECNOLOGICOS Y DE ENTRETENIMIENTO S.A. DE C.V.,1
Mi Hiepa Scout Ltd,1
"GAMEPOCH, INC.",1
LLC SHINYUDEN,1
RyseUp Studios SAS,1
SNAIL GAMES USA INC,1
PIXELNAUTS,1
CELLAR DOOR GAMES INC.,1
Starstruck Games Pte. Ltd.,1
INTERIOR NIGHT LIMITED,1
MP2 Games ApS,1
Dark Product,1
VOID Interactive Limited,1
34BIGTHINGS SRL,1
KR Games,1
Raccoon Logic Studios Inc.,1
Creative Pudding Hungary Kft.,1
LINCE WORKS S.L.,1
Galdra Studios ApS,1
"GoldFire Studios, Inc.",1
FreeMind S.A.,1
"Maanshan Legang Network Technology Co., Ltd.",1
VITRUVIUS TECHNOLOGIES INC.,1
"THREE FLIP STUDIOS, LLC",1
Furniture & Mattress LLC,1
Scott McClusky trading as Coffee Puck Games,1
Axolot Games AB,1
UFO Interactive Games,1
NODDING HEADS GAMES,1
netkdos s.l.,1
Cassel Games,1
Aggro Crab Games LLC,1
Angry Demon Studio AB,1
Idan Rooze trading as IdanG,1
Axel Friedrich trading as Fancy Factory,1
SABOTAGE STUDIO INC,1
NZ Game Studio LLC,1
GS2 GAMES,1
Greylock Games Studio LLC,1
JKM CORP LTD,1
VBLANK ENTERTAINMENT,1
MBA INTERNATIONAL Inc.,1
"SEGA of America, Inc.",1
ARTDOCK COMPANY SRL,1
historia Inc.,1
Candymakers srls,1
BILIBILI HK LIMITED,1
SKA STUDIOS LLC,1
DIE GUTE FABRIK ApS,1
ZEROUNO GAMES,1
"METEORBYTE STUDIOS, SL",1
Extra Nice B.V.,1
COVALENT MEDIA,1
PLAION,1
Green Man Gaming Publishing,1
The Behemoth,1
SABEC LIMITED,1
Open Lab S.R.L.,1
2124 Publishing,1
SHINE RESEARCH,1
Soda Den LLC,1
Revie Studios LLC,1
Phiphen Games LLC,1
"The Mix Games, Inc.",1
"Lost Turnip, LLC",1
Keen Software House s.r.o.,1
Initory Studios,1
Wild Fields Ltd.,1
chaosmonger studio OÜ,1
Mossmouth LLC,1
Super Spin Division PTY LTD,1
Gentle Giant Games LTD,1
Codeaclysm Games,1
"YIJIA NETWORK TECHNOLOGY CO.,LTD.",1
17-BIT,1
Chimera Entertainment GmbH,1
Radhood Sàrl,1
Digital Bandidos LLC,1
NOODLECAKE STUDIOS INC.,1
Cat Commandos Ltd,1
Odania GmbH,1
Glass Bottom Games,1
Bonus Stage Oy,1
"MONOMI PARK, LLC",1
Bokeh Game Studio lnc.,1
PotamWorks SAS,1
TOWER STUDIOS LTD,1
TACTICAL ADVENTURES,1
Jumpship Limited,1
Digital Tribe Entertainment LLC,1
"Asobism Co., Ltd.",1
BILDNER Verlag GmbH,1
HEADBANG CLUB,1
Moving Pieces Interactive Inc,1
FoamPunch BV,1
Rice Games Inc,1
pixel games SARL-S,1
"KLUGE STRATEGIC, INC.",1
Old Formulas LLC,1
Bandai Namco Entertainment America Inc.,1
"NEURON･AGE Co., Ltd.",1
Something We Made AB,1
"TRIPP, LLC",1
TESTAGAMERCREATIONS LTD,1
AR Digital Sp. z o.o.,1
ECLIPSE GAMES,1
Enerton Alexandre De Castro,1
PILLOW CASTLE LLC,1
VRCFORGE STUDIOS LTD,1
"Big Brane Studios, Inc.",1
"Giant Squid, Inc.",1
SINN STUDIO INC.,1
STUDIO EVIL S.R.L.,1
No More 500 SARL,1
THQ Nordic,1
ATENT GAMES LTD,1
BREAKING WALLS (9286721 CANADA INC),1
FusionPlay GmbH,1
INPLERON LTD,1
CORECELL TECHNOLOGY,1
"Sonzai Games Co., Ltd.",1
Bruner House,1
Danil Donchuk DBA Noobles Studio,1
Tender Claws LLC,1
Embers SAS,1
UPPERCUT GAMES PTY LTD,1
"Unknown Worlds Entertainment, Inc.",1
A2D Software Inc.,1
JollyCo LLC,1
Skookum Arts LLC,1
FIRESPRITE LIMITED,1
Art Of Play Interactive Pty Ltd,1
IKINA GAMES,1
Fears Ahead Studios,1
Exor Studios,1
FIREPROOF STUDIOS LIMITED,1
3GOO K.K.,1
Tecnologías Móviles Especializadas S. de R.L.,1
IMPROX GAMES,1
FUNKTRONIC LABS,1
North Beach Games,1
NOBLE STEED GAMES PTY LTD,1
Lightfoot Bros Games LTD,1
Conradical Sarl,1
Red Barrels,1
Illusion Ray S.A.,1
MIGHTY YELL STUDIOS INC.,1
Leoful,1
Supermassive Games Ltd,1
Newcore Corp.,1
Telltale,1
WELL TOLD ENTERTAINMENT,1
Szilard Papp,1
"Thermite Games Co., Ltd.",1
Cube Mandarine,1
FIRE HOSE GAMES,1
HYPER REAL,1
"PENTADIMENSIONAL GAMES, SL",1
Frozax Games SAS,1
Liron Barzilai,1
RE:CODE,1
4D CREATIVITY & TECHNOLOGY,1
VR FACTORY,1
"Guangzhou Node Information Technology Co.,Ltd",1
Sergio Escanciano Arribas as Tenebris Studio,1
XR Games Limited,1
Heart Core Ltd.,1
Funselektor Labs Inc.,1
Mighty Eyes Limited,1
HAILSTORM GAMES INC,1
Fitnect Interactive Kft.,1
Evil Tortilla Games Incorporated,1
PSYTEC GAMES LTD,1
Barrel Roll Games GmbH & Co. KG,1
"KIWIWALKS Co.,Ltd.",1
RUBBERBANDGAMES LTD,1
"CITY-CONNECTION CO., LTD.",1
HUGECALF STUDIOS LTD,1
"Apogee Entertainment, Inc.",1
"Means Interactive, LLC",1
"BIT PLANET GAMES, LLC",1
DARK CURRY S.L.,1
GAMEPOCH,1
Thalamus Digital Publishing Ltd.,1
Flippfly LLC,1
Rhine Games,1
Meta4 Interactive Inc.,1
Studio 8ight OU,1
3DClouds SRL,1
Glowfish Interactive NV,1
Refold AB,1
ANGRY MOB GAMES SRL,1
SUNSOFT,1
Gamigo US Inc.,1
SQUARE ENIX,1
HUP GAMES Inc.,1
Bandai Namco Entertainment Inc.,1
PHOENIX LABS,1
MOONEYE STUDIOS,1
Blumhouse Games,1
RAYLL STUDIOS PRIVATE LIMITED,1
"IAM8BIT, INC.",1
Yellow Brick Games Inc.,1
"Studio Sai, Co",1
E-Home Entertainment Development Company LTD,1
KomodoBit Games LLC,1
"iRacing ARG Holding, LLC",1
Cosmo Machia Inc.,1
SNK PLAYMORE CORPORATION,1
SEETECH HITECH SL,1
Garage51 Entertainment S.L.,1
"THE MUNKY, LLC",1
INDUSTRY GAMES LLC,1
ROCKFISH GAMES GMBH,1
Play On Worlds LLC,1
Core Strand LLC,1
Jyamma Games Srl,1
110 Industries SA,1
FATSHARK AB,1
Owlcat Games Ltd.,1
SUPERGONK LTD,1
Third Sphere Game Studios LLC,1
"Airship Syndicate Entertainment, Inc.",1
Ghost Pattern Pty Ltd,1
Team OFK,1
